{
  "val_loss": 4.4510358543396,
  "FACILITIES_macro_f1": 0.20730293168479963,
  "FACILITIES_acc": 0.8015,
  "FOOD&DRINKS_macro_f1": 0.3958602582051401,
  "FOOD&DRINKS_acc": 0.811,
  "HOTEL_macro_f1": 0.2578076961403479,
  "HOTEL_acc": 0.502,
  "LOCATION_macro_f1": 0.3475130010917198,
  "LOCATION_acc": 0.89,
  "ROOMS_macro_f1": 0.3807833162426985,
  "ROOMS_acc": 0.64,
  "SERVICE_macro_f1": 0.5269463284114152,
  "SERVICE_acc": 0.851,
  "mean_macro_f1": 0.3527022552960202
}