relabel_group,sample_count,sample_error_count,sample_error_rate,sample_error_rate_ci_low,sample_error_rate_ci_high,aspect_total,aspect_error_count,aspect_error_rate,aspect_error_rate_ci_low,aspect_error_rate_ci_high
fallback,60,57,0.95,0.8629926537490016,0.9828508088208587,360,128,0.35555555555555557,0.3078704740378502,0.4062908533089953
random,274,258,0.9416058394160584,0.9072594230446784,0.9637404560231069,1644,554,0.33698296836982966,0.31453726888720623,0.36018874846785986
hard,2100,1961,0.9338095238095238,0.9223641837440856,0.9436705975816567,12600,4818,0.3823809523809524,0.37393248403186385,0.3909011203511047
medium,566,503,0.8886925795053003,0.8601159894998675,0.9120284099262187,3396,1134,0.3339222614840989,0.3182557927107191,0.3499640443546313
