group_a,group_b,chi2,p_value,sample_error_rate_a,sample_error_rate_b
hard,random,22.55988912307366,2.03693288084934e-06,0.8257142857142857,0.7043795620437956
hard,medium,11.009866984572904,0.0009062814950835631,0.8257142857142857,0.7632508833922261
fallback,random,4.588309994061311,0.03219073983048485,0.85,0.7043795620437956
medium,random,3.0579482027144476,0.08034306249960936,0.7632508833922261,0.7043795620437956
fallback,medium,1.8502277983534712,0.1737569023880168,0.85,0.7632508833922261
fallback,hard,0.10040240096038415,0.7513472705521662,0.85,0.8257142857142857
