group_a,group_b,chi2,p_value,sample_error_rate_a,sample_error_rate_b
hard,medium,12.323085492086339,0.0004473905625373746,0.9338095238095238,0.8886925795053003
medium,random,5.461718879223603,0.01943751680017175,0.8886925795053003,0.9416058394160584
fallback,medium,1.5607392593909826,0.2115570113098916,0.95,0.8886925795053003
hard,random,0.13055288930090944,0.7178594717975173,0.9338095238095238,0.9416058394160584
fallback,hard,0.055133576483679135,0.8143597752974567,0.95,0.9338095238095238
fallback,random,0.0,1.0,0.95,0.9416058394160584
