aspect,aspect_slug,macro_f1,micro_f1
dịch vụ,service,0.7362564824061248,0.7586666666666667
khách sạn,hotel,0.572259789453286,0.5783333333333334
phòng ốc,rooms,0.725148333273602,0.7246666666666667
vệ sinh,cleanliness,0.7411388697968174,0.751
vị trí,location,0.7430060275040372,0.844
đồ ăn thức uống,food_drinks,0.7401069169351228,0.8816666666666667
