threshold,kept_rows,kept_ratio,f1_macro,f1_micro
0.7,1957,0.9785,0.8450996661738249,0.883835803099983
0.75,1866,0.933,0.852223101468217,0.8904966059306896
0.8,1558,0.779,0.8634608988709364,0.9037227214377407
0.85,896,0.448,0.8872049133279765,0.9295014880952381
